Data,Seed,TestProportion,CandidateProportion,SelectorType,ModelType,UniqueErrorsInput,n_estimators,regularization,RashomonThresholdType,RashomonThreshold,Type,Partition,Time,Memory,JobName,Output
CVR,0,0.2,0.8,TreeEnsembleQBCFunction,TreeFarmsFunction,0,100,0.01,Adder,0.025,Classification,compute,6-23:59:00,10000,0CVR_DA0.025,CVR/TreeFarms/Raw/0CVR_DA0.025.pkl
CVR,0,0.2,0.8,TreeEnsembleQBCFunction,TreeFarmsFunction,1,100,0.01,Adder,0.025,Classification,compute,6-23:59:00,10000,0CVR_UA0.025,CVR/TreeFarms/Raw/0CVR_UA0.025.pkl
CVR,1,0.2,0.8,TreeEnsembleQBCFunction,TreeFarmsFunction,0,100,0.01,Adder,0.025,Classification,compute,6-23:59:00,10000,1CVR_DA0.025,CVR/TreeFarms/Raw/1CVR_DA0.025.pkl
CVR,1,0.2,0.8,TreeEnsembleQBCFunction,TreeFarmsFunction,1,100,0.01,Adder,0.025,Classification,compute,6-23:59:00,10000,1CVR_UA0.025,CVR/TreeFarms/Raw/1CVR_UA0.025.pkl
CVR,2,0.2,0.8,TreeEnsembleQBCFunction,TreeFarmsFunction,0,100,0.01,Adder,0.025,Classification,compute,6-23:59:00,10000,2CVR_DA0.025,CVR/TreeFarms/Raw/2CVR_DA0.025.pkl
CVR,2,0.2,0.8,TreeEnsembleQBCFunction,TreeFarmsFunction,1,100,0.01,Adder,0.025,Classification,compute,6-23:59:00,10000,2CVR_UA0.025,CVR/TreeFarms/Raw/2CVR_UA0.025.pkl
CVR,3,0.2,0.8,TreeEnsembleQBCFunction,TreeFarmsFunction,0,100,0.01,Adder,0.025,Classification,compute,6-23:59:00,10000,3CVR_DA0.025,CVR/TreeFarms/Raw/3CVR_DA0.025.pkl
CVR,3,0.2,0.8,TreeEnsembleQBCFunction,TreeFarmsFunction,1,100,0.01,Adder,0.025,Classification,compute,6-23:59:00,10000,3CVR_UA0.025,CVR/TreeFarms/Raw/3CVR_UA0.025.pkl
CVR,4,0.2,0.8,TreeEnsembleQBCFunction,TreeFarmsFunction,0,100,0.01,Adder,0.025,Classification,compute,6-23:59:00,10000,4CVR_DA0.025,CVR/TreeFarms/Raw/4CVR_DA0.025.pkl
CVR,4,0.2,0.8,TreeEnsembleQBCFunction,TreeFarmsFunction,1,100,0.01,Adder,0.025,Classification,compute,6-23:59:00,10000,4CVR_UA0.025,CVR/TreeFarms/Raw/4CVR_UA0.025.pkl
CVR,5,0.2,0.8,TreeEnsembleQBCFunction,TreeFarmsFunction,0,100,0.01,Adder,0.025,Classification,compute,6-23:59:00,10000,5CVR_DA0.025,CVR/TreeFarms/Raw/5CVR_DA0.025.pkl
CVR,5,0.2,0.8,TreeEnsembleQBCFunction,TreeFarmsFunction,1,100,0.01,Adder,0.025,Classification,compute,6-23:59:00,10000,5CVR_UA0.025,CVR/TreeFarms/Raw/5CVR_UA0.025.pkl
CVR,6,0.2,0.8,TreeEnsembleQBCFunction,TreeFarmsFunction,0,100,0.01,Adder,0.025,Classification,compute,6-23:59:00,10000,6CVR_DA0.025,CVR/TreeFarms/Raw/6CVR_DA0.025.pkl
CVR,6,0.2,0.8,TreeEnsembleQBCFunction,TreeFarmsFunction,1,100,0.01,Adder,0.025,Classification,compute,6-23:59:00,10000,6CVR_UA0.025,CVR/TreeFarms/Raw/6CVR_UA0.025.pkl
CVR,7,0.2,0.8,TreeEnsembleQBCFunction,TreeFarmsFunction,0,100,0.01,Adder,0.025,Classification,compute,6-23:59:00,10000,7CVR_DA0.025,CVR/TreeFarms/Raw/7CVR_DA0.025.pkl
CVR,7,0.2,0.8,TreeEnsembleQBCFunction,TreeFarmsFunction,1,100,0.01,Adder,0.025,Classification,compute,6-23:59:00,10000,7CVR_UA0.025,CVR/TreeFarms/Raw/7CVR_UA0.025.pkl
CVR,8,0.2,0.8,TreeEnsembleQBCFunction,TreeFarmsFunction,0,100,0.01,Adder,0.025,Classification,compute,6-23:59:00,10000,8CVR_DA0.025,CVR/TreeFarms/Raw/8CVR_DA0.025.pkl
CVR,8,0.2,0.8,TreeEnsembleQBCFunction,TreeFarmsFunction,1,100,0.01,Adder,0.025,Classification,compute,6-23:59:00,10000,8CVR_UA0.025,CVR/TreeFarms/Raw/8CVR_UA0.025.pkl
CVR,9,0.2,0.8,TreeEnsembleQBCFunction,TreeFarmsFunction,0,100,0.01,Adder,0.025,Classification,compute,6-23:59:00,10000,9CVR_DA0.025,CVR/TreeFarms/Raw/9CVR_DA0.025.pkl
CVR,9,0.2,0.8,TreeEnsembleQBCFunction,TreeFarmsFunction,1,100,0.01,Adder,0.025,Classification,compute,6-23:59:00,10000,9CVR_UA0.025,CVR/TreeFarms/Raw/9CVR_UA0.025.pkl
CVR,10,0.2,0.8,TreeEnsembleQBCFunction,TreeFarmsFunction,0,100,0.01,Adder,0.025,Classification,compute,6-23:59:00,10000,10CVR_DA0.025,CVR/TreeFarms/Raw/10CVR_DA0.025.pkl
CVR,10,0.2,0.8,TreeEnsembleQBCFunction,TreeFarmsFunction,1,100,0.01,Adder,0.025,Classification,compute,6-23:59:00,10000,10CVR_UA0.025,CVR/TreeFarms/Raw/10CVR_UA0.025.pkl
CVR,11,0.2,0.8,TreeEnsembleQBCFunction,TreeFarmsFunction,0,100,0.01,Adder,0.025,Classification,compute,6-23:59:00,10000,11CVR_DA0.025,CVR/TreeFarms/Raw/11CVR_DA0.025.pkl
CVR,11,0.2,0.8,TreeEnsembleQBCFunction,TreeFarmsFunction,1,100,0.01,Adder,0.025,Classification,compute,6-23:59:00,10000,11CVR_UA0.025,CVR/TreeFarms/Raw/11CVR_UA0.025.pkl
CVR,12,0.2,0.8,TreeEnsembleQBCFunction,TreeFarmsFunction,0,100,0.01,Adder,0.025,Classification,compute,6-23:59:00,10000,12CVR_DA0.025,CVR/TreeFarms/Raw/12CVR_DA0.025.pkl
CVR,12,0.2,0.8,TreeEnsembleQBCFunction,TreeFarmsFunction,1,100,0.01,Adder,0.025,Classification,compute,6-23:59:00,10000,12CVR_UA0.025,CVR/TreeFarms/Raw/12CVR_UA0.025.pkl
CVR,13,0.2,0.8,TreeEnsembleQBCFunction,TreeFarmsFunction,0,100,0.01,Adder,0.025,Classification,compute,6-23:59:00,10000,13CVR_DA0.025,CVR/TreeFarms/Raw/13CVR_DA0.025.pkl
CVR,13,0.2,0.8,TreeEnsembleQBCFunction,TreeFarmsFunction,1,100,0.01,Adder,0.025,Classification,compute,6-23:59:00,10000,13CVR_UA0.025,CVR/TreeFarms/Raw/13CVR_UA0.025.pkl
CVR,14,0.2,0.8,TreeEnsembleQBCFunction,TreeFarmsFunction,0,100,0.01,Adder,0.025,Classification,compute,6-23:59:00,10000,14CVR_DA0.025,CVR/TreeFarms/Raw/14CVR_DA0.025.pkl
CVR,14,0.2,0.8,TreeEnsembleQBCFunction,TreeFarmsFunction,1,100,0.01,Adder,0.025,Classification,compute,6-23:59:00,10000,14CVR_UA0.025,CVR/TreeFarms/Raw/14CVR_UA0.025.pkl
CVR,15,0.2,0.8,TreeEnsembleQBCFunction,TreeFarmsFunction,0,100,0.01,Adder,0.025,Classification,compute,6-23:59:00,10000,15CVR_DA0.025,CVR/TreeFarms/Raw/15CVR_DA0.025.pkl
CVR,15,0.2,0.8,TreeEnsembleQBCFunction,TreeFarmsFunction,1,100,0.01,Adder,0.025,Classification,compute,6-23:59:00,10000,15CVR_UA0.025,CVR/TreeFarms/Raw/15CVR_UA0.025.pkl
CVR,16,0.2,0.8,TreeEnsembleQBCFunction,TreeFarmsFunction,0,100,0.01,Adder,0.025,Classification,compute,6-23:59:00,10000,16CVR_DA0.025,CVR/TreeFarms/Raw/16CVR_DA0.025.pkl
CVR,16,0.2,0.8,TreeEnsembleQBCFunction,TreeFarmsFunction,1,100,0.01,Adder,0.025,Classification,compute,6-23:59:00,10000,16CVR_UA0.025,CVR/TreeFarms/Raw/16CVR_UA0.025.pkl
CVR,17,0.2,0.8,TreeEnsembleQBCFunction,TreeFarmsFunction,0,100,0.01,Adder,0.025,Classification,compute,6-23:59:00,10000,17CVR_DA0.025,CVR/TreeFarms/Raw/17CVR_DA0.025.pkl
CVR,17,0.2,0.8,TreeEnsembleQBCFunction,TreeFarmsFunction,1,100,0.01,Adder,0.025,Classification,compute,6-23:59:00,10000,17CVR_UA0.025,CVR/TreeFarms/Raw/17CVR_UA0.025.pkl
CVR,18,0.2,0.8,TreeEnsembleQBCFunction,TreeFarmsFunction,0,100,0.01,Adder,0.025,Classification,compute,6-23:59:00,10000,18CVR_DA0.025,CVR/TreeFarms/Raw/18CVR_DA0.025.pkl
CVR,18,0.2,0.8,TreeEnsembleQBCFunction,TreeFarmsFunction,1,100,0.01,Adder,0.025,Classification,compute,6-23:59:00,10000,18CVR_UA0.025,CVR/TreeFarms/Raw/18CVR_UA0.025.pkl
CVR,19,0.2,0.8,TreeEnsembleQBCFunction,TreeFarmsFunction,0,100,0.01,Adder,0.025,Classification,compute,6-23:59:00,10000,19CVR_DA0.025,CVR/TreeFarms/Raw/19CVR_DA0.025.pkl
CVR,19,0.2,0.8,TreeEnsembleQBCFunction,TreeFarmsFunction,1,100,0.01,Adder,0.025,Classification,compute,6-23:59:00,10000,19CVR_UA0.025,CVR/TreeFarms/Raw/19CVR_UA0.025.pkl
CVR,20,0.2,0.8,TreeEnsembleQBCFunction,TreeFarmsFunction,0,100,0.01,Adder,0.025,Classification,compute,6-23:59:00,10000,20CVR_DA0.025,CVR/TreeFarms/Raw/20CVR_DA0.025.pkl
CVR,20,0.2,0.8,TreeEnsembleQBCFunction,TreeFarmsFunction,1,100,0.01,Adder,0.025,Classification,compute,6-23:59:00,10000,20CVR_UA0.025,CVR/TreeFarms/Raw/20CVR_UA0.025.pkl
CVR,21,0.2,0.8,TreeEnsembleQBCFunction,TreeFarmsFunction,0,100,0.01,Adder,0.025,Classification,compute,6-23:59:00,10000,21CVR_DA0.025,CVR/TreeFarms/Raw/21CVR_DA0.025.pkl
CVR,21,0.2,0.8,TreeEnsembleQBCFunction,TreeFarmsFunction,1,100,0.01,Adder,0.025,Classification,compute,6-23:59:00,10000,21CVR_UA0.025,CVR/TreeFarms/Raw/21CVR_UA0.025.pkl
CVR,22,0.2,0.8,TreeEnsembleQBCFunction,TreeFarmsFunction,0,100,0.01,Adder,0.025,Classification,compute,6-23:59:00,10000,22CVR_DA0.025,CVR/TreeFarms/Raw/22CVR_DA0.025.pkl
CVR,22,0.2,0.8,TreeEnsembleQBCFunction,TreeFarmsFunction,1,100,0.01,Adder,0.025,Classification,compute,6-23:59:00,10000,22CVR_UA0.025,CVR/TreeFarms/Raw/22CVR_UA0.025.pkl
CVR,23,0.2,0.8,TreeEnsembleQBCFunction,TreeFarmsFunction,0,100,0.01,Adder,0.025,Classification,compute,6-23:59:00,10000,23CVR_DA0.025,CVR/TreeFarms/Raw/23CVR_DA0.025.pkl
CVR,23,0.2,0.8,TreeEnsembleQBCFunction,TreeFarmsFunction,1,100,0.01,Adder,0.025,Classification,compute,6-23:59:00,10000,23CVR_UA0.025,CVR/TreeFarms/Raw/23CVR_UA0.025.pkl
CVR,24,0.2,0.8,TreeEnsembleQBCFunction,TreeFarmsFunction,0,100,0.01,Adder,0.025,Classification,compute,6-23:59:00,10000,24CVR_DA0.025,CVR/TreeFarms/Raw/24CVR_DA0.025.pkl
CVR,24,0.2,0.8,TreeEnsembleQBCFunction,TreeFarmsFunction,1,100,0.01,Adder,0.025,Classification,compute,6-23:59:00,10000,24CVR_UA0.025,CVR/TreeFarms/Raw/24CVR_UA0.025.pkl
CVR,25,0.2,0.8,TreeEnsembleQBCFunction,TreeFarmsFunction,0,100,0.01,Adder,0.025,Classification,compute,6-23:59:00,10000,25CVR_DA0.025,CVR/TreeFarms/Raw/25CVR_DA0.025.pkl
CVR,25,0.2,0.8,TreeEnsembleQBCFunction,TreeFarmsFunction,1,100,0.01,Adder,0.025,Classification,compute,6-23:59:00,10000,25CVR_UA0.025,CVR/TreeFarms/Raw/25CVR_UA0.025.pkl
CVR,26,0.2,0.8,TreeEnsembleQBCFunction,TreeFarmsFunction,0,100,0.01,Adder,0.025,Classification,compute,6-23:59:00,10000,26CVR_DA0.025,CVR/TreeFarms/Raw/26CVR_DA0.025.pkl
CVR,26,0.2,0.8,TreeEnsembleQBCFunction,TreeFarmsFunction,1,100,0.01,Adder,0.025,Classification,compute,6-23:59:00,10000,26CVR_UA0.025,CVR/TreeFarms/Raw/26CVR_UA0.025.pkl
CVR,27,0.2,0.8,TreeEnsembleQBCFunction,TreeFarmsFunction,0,100,0.01,Adder,0.025,Classification,compute,6-23:59:00,10000,27CVR_DA0.025,CVR/TreeFarms/Raw/27CVR_DA0.025.pkl
CVR,27,0.2,0.8,TreeEnsembleQBCFunction,TreeFarmsFunction,1,100,0.01,Adder,0.025,Classification,compute,6-23:59:00,10000,27CVR_UA0.025,CVR/TreeFarms/Raw/27CVR_UA0.025.pkl
CVR,28,0.2,0.8,TreeEnsembleQBCFunction,TreeFarmsFunction,0,100,0.01,Adder,0.025,Classification,compute,6-23:59:00,10000,28CVR_DA0.025,CVR/TreeFarms/Raw/28CVR_DA0.025.pkl
CVR,28,0.2,0.8,TreeEnsembleQBCFunction,TreeFarmsFunction,1,100,0.01,Adder,0.025,Classification,compute,6-23:59:00,10000,28CVR_UA0.025,CVR/TreeFarms/Raw/28CVR_UA0.025.pkl
CVR,29,0.2,0.8,TreeEnsembleQBCFunction,TreeFarmsFunction,0,100,0.01,Adder,0.025,Classification,compute,6-23:59:00,10000,29CVR_DA0.025,CVR/TreeFarms/Raw/29CVR_DA0.025.pkl
CVR,29,0.2,0.8,TreeEnsembleQBCFunction,TreeFarmsFunction,1,100,0.01,Adder,0.025,Classification,compute,6-23:59:00,10000,29CVR_UA0.025,CVR/TreeFarms/Raw/29CVR_UA0.025.pkl
CVR,30,0.2,0.8,TreeEnsembleQBCFunction,TreeFarmsFunction,0,100,0.01,Adder,0.025,Classification,compute,6-23:59:00,10000,30CVR_DA0.025,CVR/TreeFarms/Raw/30CVR_DA0.025.pkl
CVR,30,0.2,0.8,TreeEnsembleQBCFunction,TreeFarmsFunction,1,100,0.01,Adder,0.025,Classification,compute,6-23:59:00,10000,30CVR_UA0.025,CVR/TreeFarms/Raw/30CVR_UA0.025.pkl
CVR,31,0.2,0.8,TreeEnsembleQBCFunction,TreeFarmsFunction,0,100,0.01,Adder,0.025,Classification,compute,6-23:59:00,10000,31CVR_DA0.025,CVR/TreeFarms/Raw/31CVR_DA0.025.pkl
CVR,31,0.2,0.8,TreeEnsembleQBCFunction,TreeFarmsFunction,1,100,0.01,Adder,0.025,Classification,compute,6-23:59:00,10000,31CVR_UA0.025,CVR/TreeFarms/Raw/31CVR_UA0.025.pkl
CVR,32,0.2,0.8,TreeEnsembleQBCFunction,TreeFarmsFunction,0,100,0.01,Adder,0.025,Classification,compute,6-23:59:00,10000,32CVR_DA0.025,CVR/TreeFarms/Raw/32CVR_DA0.025.pkl
CVR,32,0.2,0.8,TreeEnsembleQBCFunction,TreeFarmsFunction,1,100,0.01,Adder,0.025,Classification,compute,6-23:59:00,10000,32CVR_UA0.025,CVR/TreeFarms/Raw/32CVR_UA0.025.pkl
CVR,33,0.2,0.8,TreeEnsembleQBCFunction,TreeFarmsFunction,0,100,0.01,Adder,0.025,Classification,compute,6-23:59:00,10000,33CVR_DA0.025,CVR/TreeFarms/Raw/33CVR_DA0.025.pkl
CVR,33,0.2,0.8,TreeEnsembleQBCFunction,TreeFarmsFunction,1,100,0.01,Adder,0.025,Classification,compute,6-23:59:00,10000,33CVR_UA0.025,CVR/TreeFarms/Raw/33CVR_UA0.025.pkl
CVR,34,0.2,0.8,TreeEnsembleQBCFunction,TreeFarmsFunction,0,100,0.01,Adder,0.025,Classification,compute,6-23:59:00,10000,34CVR_DA0.025,CVR/TreeFarms/Raw/34CVR_DA0.025.pkl
CVR,34,0.2,0.8,TreeEnsembleQBCFunction,TreeFarmsFunction,1,100,0.01,Adder,0.025,Classification,compute,6-23:59:00,10000,34CVR_UA0.025,CVR/TreeFarms/Raw/34CVR_UA0.025.pkl
CVR,35,0.2,0.8,TreeEnsembleQBCFunction,TreeFarmsFunction,0,100,0.01,Adder,0.025,Classification,compute,6-23:59:00,10000,35CVR_DA0.025,CVR/TreeFarms/Raw/35CVR_DA0.025.pkl
CVR,35,0.2,0.8,TreeEnsembleQBCFunction,TreeFarmsFunction,1,100,0.01,Adder,0.025,Classification,compute,6-23:59:00,10000,35CVR_UA0.025,CVR/TreeFarms/Raw/35CVR_UA0.025.pkl
CVR,36,0.2,0.8,TreeEnsembleQBCFunction,TreeFarmsFunction,0,100,0.01,Adder,0.025,Classification,compute,6-23:59:00,10000,36CVR_DA0.025,CVR/TreeFarms/Raw/36CVR_DA0.025.pkl
CVR,36,0.2,0.8,TreeEnsembleQBCFunction,TreeFarmsFunction,1,100,0.01,Adder,0.025,Classification,compute,6-23:59:00,10000,36CVR_UA0.025,CVR/TreeFarms/Raw/36CVR_UA0.025.pkl
CVR,37,0.2,0.8,TreeEnsembleQBCFunction,TreeFarmsFunction,0,100,0.01,Adder,0.025,Classification,compute,6-23:59:00,10000,37CVR_DA0.025,CVR/TreeFarms/Raw/37CVR_DA0.025.pkl
CVR,37,0.2,0.8,TreeEnsembleQBCFunction,TreeFarmsFunction,1,100,0.01,Adder,0.025,Classification,compute,6-23:59:00,10000,37CVR_UA0.025,CVR/TreeFarms/Raw/37CVR_UA0.025.pkl
CVR,38,0.2,0.8,TreeEnsembleQBCFunction,TreeFarmsFunction,0,100,0.01,Adder,0.025,Classification,compute,6-23:59:00,10000,38CVR_DA0.025,CVR/TreeFarms/Raw/38CVR_DA0.025.pkl
CVR,38,0.2,0.8,TreeEnsembleQBCFunction,TreeFarmsFunction,1,100,0.01,Adder,0.025,Classification,compute,6-23:59:00,10000,38CVR_UA0.025,CVR/TreeFarms/Raw/38CVR_UA0.025.pkl
CVR,39,0.2,0.8,TreeEnsembleQBCFunction,TreeFarmsFunction,0,100,0.01,Adder,0.025,Classification,compute,6-23:59:00,10000,39CVR_DA0.025,CVR/TreeFarms/Raw/39CVR_DA0.025.pkl
CVR,39,0.2,0.8,TreeEnsembleQBCFunction,TreeFarmsFunction,1,100,0.01,Adder,0.025,Classification,compute,6-23:59:00,10000,39CVR_UA0.025,CVR/TreeFarms/Raw/39CVR_UA0.025.pkl
CVR,40,0.2,0.8,TreeEnsembleQBCFunction,TreeFarmsFunction,0,100,0.01,Adder,0.025,Classification,compute,6-23:59:00,10000,40CVR_DA0.025,CVR/TreeFarms/Raw/40CVR_DA0.025.pkl
CVR,40,0.2,0.8,TreeEnsembleQBCFunction,TreeFarmsFunction,1,100,0.01,Adder,0.025,Classification,compute,6-23:59:00,10000,40CVR_UA0.025,CVR/TreeFarms/Raw/40CVR_UA0.025.pkl
CVR,41,0.2,0.8,TreeEnsembleQBCFunction,TreeFarmsFunction,0,100,0.01,Adder,0.025,Classification,compute,6-23:59:00,10000,41CVR_DA0.025,CVR/TreeFarms/Raw/41CVR_DA0.025.pkl
CVR,41,0.2,0.8,TreeEnsembleQBCFunction,TreeFarmsFunction,1,100,0.01,Adder,0.025,Classification,compute,6-23:59:00,10000,41CVR_UA0.025,CVR/TreeFarms/Raw/41CVR_UA0.025.pkl
CVR,42,0.2,0.8,TreeEnsembleQBCFunction,TreeFarmsFunction,0,100,0.01,Adder,0.025,Classification,compute,6-23:59:00,10000,42CVR_DA0.025,CVR/TreeFarms/Raw/42CVR_DA0.025.pkl
CVR,42,0.2,0.8,TreeEnsembleQBCFunction,TreeFarmsFunction,1,100,0.01,Adder,0.025,Classification,compute,6-23:59:00,10000,42CVR_UA0.025,CVR/TreeFarms/Raw/42CVR_UA0.025.pkl
CVR,43,0.2,0.8,TreeEnsembleQBCFunction,TreeFarmsFunction,0,100,0.01,Adder,0.025,Classification,compute,6-23:59:00,10000,43CVR_DA0.025,CVR/TreeFarms/Raw/43CVR_DA0.025.pkl
CVR,43,0.2,0.8,TreeEnsembleQBCFunction,TreeFarmsFunction,1,100,0.01,Adder,0.025,Classification,compute,6-23:59:00,10000,43CVR_UA0.025,CVR/TreeFarms/Raw/43CVR_UA0.025.pkl
CVR,44,0.2,0.8,TreeEnsembleQBCFunction,TreeFarmsFunction,0,100,0.01,Adder,0.025,Classification,compute,6-23:59:00,10000,44CVR_DA0.025,CVR/TreeFarms/Raw/44CVR_DA0.025.pkl
CVR,44,0.2,0.8,TreeEnsembleQBCFunction,TreeFarmsFunction,1,100,0.01,Adder,0.025,Classification,compute,6-23:59:00,10000,44CVR_UA0.025,CVR/TreeFarms/Raw/44CVR_UA0.025.pkl
CVR,45,0.2,0.8,TreeEnsembleQBCFunction,TreeFarmsFunction,0,100,0.01,Adder,0.025,Classification,compute,6-23:59:00,10000,45CVR_DA0.025,CVR/TreeFarms/Raw/45CVR_DA0.025.pkl
CVR,45,0.2,0.8,TreeEnsembleQBCFunction,TreeFarmsFunction,1,100,0.01,Adder,0.025,Classification,compute,6-23:59:00,10000,45CVR_UA0.025,CVR/TreeFarms/Raw/45CVR_UA0.025.pkl
CVR,46,0.2,0.8,TreeEnsembleQBCFunction,TreeFarmsFunction,0,100,0.01,Adder,0.025,Classification,compute,6-23:59:00,10000,46CVR_DA0.025,CVR/TreeFarms/Raw/46CVR_DA0.025.pkl
CVR,46,0.2,0.8,TreeEnsembleQBCFunction,TreeFarmsFunction,1,100,0.01,Adder,0.025,Classification,compute,6-23:59:00,10000,46CVR_UA0.025,CVR/TreeFarms/Raw/46CVR_UA0.025.pkl
CVR,47,0.2,0.8,TreeEnsembleQBCFunction,TreeFarmsFunction,0,100,0.01,Adder,0.025,Classification,compute,6-23:59:00,10000,47CVR_DA0.025,CVR/TreeFarms/Raw/47CVR_DA0.025.pkl
CVR,47,0.2,0.8,TreeEnsembleQBCFunction,TreeFarmsFunction,1,100,0.01,Adder,0.025,Classification,compute,6-23:59:00,10000,47CVR_UA0.025,CVR/TreeFarms/Raw/47CVR_UA0.025.pkl
CVR,48,0.2,0.8,TreeEnsembleQBCFunction,TreeFarmsFunction,0,100,0.01,Adder,0.025,Classification,compute,6-23:59:00,10000,48CVR_DA0.025,CVR/TreeFarms/Raw/48CVR_DA0.025.pkl
CVR,48,0.2,0.8,TreeEnsembleQBCFunction,TreeFarmsFunction,1,100,0.01,Adder,0.025,Classification,compute,6-23:59:00,10000,48CVR_UA0.025,CVR/TreeFarms/Raw/48CVR_UA0.025.pkl
CVR,49,0.2,0.8,TreeEnsembleQBCFunction,TreeFarmsFunction,0,100,0.01,Adder,0.025,Classification,compute,6-23:59:00,10000,49CVR_DA0.025,CVR/TreeFarms/Raw/49CVR_DA0.025.pkl
CVR,49,0.2,0.8,TreeEnsembleQBCFunction,TreeFarmsFunction,1,100,0.01,Adder,0.025,Classification,compute,6-23:59:00,10000,49CVR_UA0.025,CVR/TreeFarms/Raw/49CVR_UA0.025.pkl
CVR,50,0.2,0.8,TreeEnsembleQBCFunction,TreeFarmsFunction,0,100,0.01,Adder,0.025,Classification,compute,6-23:59:00,10000,50CVR_DA0.025,CVR/TreeFarms/Raw/50CVR_DA0.025.pkl
CVR,50,0.2,0.8,TreeEnsembleQBCFunction,TreeFarmsFunction,1,100,0.01,Adder,0.025,Classification,compute,6-23:59:00,10000,50CVR_UA0.025,CVR/TreeFarms/Raw/50CVR_UA0.025.pkl
CVR,51,0.2,0.8,TreeEnsembleQBCFunction,TreeFarmsFunction,0,100,0.01,Adder,0.025,Classification,compute,6-23:59:00,10000,51CVR_DA0.025,CVR/TreeFarms/Raw/51CVR_DA0.025.pkl
CVR,51,0.2,0.8,TreeEnsembleQBCFunction,TreeFarmsFunction,1,100,0.01,Adder,0.025,Classification,compute,6-23:59:00,10000,51CVR_UA0.025,CVR/TreeFarms/Raw/51CVR_UA0.025.pkl
CVR,52,0.2,0.8,TreeEnsembleQBCFunction,TreeFarmsFunction,0,100,0.01,Adder,0.025,Classification,compute,6-23:59:00,10000,52CVR_DA0.025,CVR/TreeFarms/Raw/52CVR_DA0.025.pkl
CVR,52,0.2,0.8,TreeEnsembleQBCFunction,TreeFarmsFunction,1,100,0.01,Adder,0.025,Classification,compute,6-23:59:00,10000,52CVR_UA0.025,CVR/TreeFarms/Raw/52CVR_UA0.025.pkl
CVR,53,0.2,0.8,TreeEnsembleQBCFunction,TreeFarmsFunction,0,100,0.01,Adder,0.025,Classification,compute,6-23:59:00,10000,53CVR_DA0.025,CVR/TreeFarms/Raw/53CVR_DA0.025.pkl
CVR,53,0.2,0.8,TreeEnsembleQBCFunction,TreeFarmsFunction,1,100,0.01,Adder,0.025,Classification,compute,6-23:59:00,10000,53CVR_UA0.025,CVR/TreeFarms/Raw/53CVR_UA0.025.pkl
CVR,54,0.2,0.8,TreeEnsembleQBCFunction,TreeFarmsFunction,0,100,0.01,Adder,0.025,Classification,compute,6-23:59:00,10000,54CVR_DA0.025,CVR/TreeFarms/Raw/54CVR_DA0.025.pkl
CVR,54,0.2,0.8,TreeEnsembleQBCFunction,TreeFarmsFunction,1,100,0.01,Adder,0.025,Classification,compute,6-23:59:00,10000,54CVR_UA0.025,CVR/TreeFarms/Raw/54CVR_UA0.025.pkl
CVR,55,0.2,0.8,TreeEnsembleQBCFunction,TreeFarmsFunction,0,100,0.01,Adder,0.025,Classification,compute,6-23:59:00,10000,55CVR_DA0.025,CVR/TreeFarms/Raw/55CVR_DA0.025.pkl
CVR,55,0.2,0.8,TreeEnsembleQBCFunction,TreeFarmsFunction,1,100,0.01,Adder,0.025,Classification,compute,6-23:59:00,10000,55CVR_UA0.025,CVR/TreeFarms/Raw/55CVR_UA0.025.pkl
CVR,56,0.2,0.8,TreeEnsembleQBCFunction,TreeFarmsFunction,0,100,0.01,Adder,0.025,Classification,compute,6-23:59:00,10000,56CVR_DA0.025,CVR/TreeFarms/Raw/56CVR_DA0.025.pkl
CVR,56,0.2,0.8,TreeEnsembleQBCFunction,TreeFarmsFunction,1,100,0.01,Adder,0.025,Classification,compute,6-23:59:00,10000,56CVR_UA0.025,CVR/TreeFarms/Raw/56CVR_UA0.025.pkl
CVR,57,0.2,0.8,TreeEnsembleQBCFunction,TreeFarmsFunction,0,100,0.01,Adder,0.025,Classification,compute,6-23:59:00,10000,57CVR_DA0.025,CVR/TreeFarms/Raw/57CVR_DA0.025.pkl
CVR,57,0.2,0.8,TreeEnsembleQBCFunction,TreeFarmsFunction,1,100,0.01,Adder,0.025,Classification,compute,6-23:59:00,10000,57CVR_UA0.025,CVR/TreeFarms/Raw/57CVR_UA0.025.pkl
CVR,58,0.2,0.8,TreeEnsembleQBCFunction,TreeFarmsFunction,0,100,0.01,Adder,0.025,Classification,compute,6-23:59:00,10000,58CVR_DA0.025,CVR/TreeFarms/Raw/58CVR_DA0.025.pkl
CVR,58,0.2,0.8,TreeEnsembleQBCFunction,TreeFarmsFunction,1,100,0.01,Adder,0.025,Classification,compute,6-23:59:00,10000,58CVR_UA0.025,CVR/TreeFarms/Raw/58CVR_UA0.025.pkl
CVR,59,0.2,0.8,TreeEnsembleQBCFunction,TreeFarmsFunction,0,100,0.01,Adder,0.025,Classification,compute,6-23:59:00,10000,59CVR_DA0.025,CVR/TreeFarms/Raw/59CVR_DA0.025.pkl
CVR,59,0.2,0.8,TreeEnsembleQBCFunction,TreeFarmsFunction,1,100,0.01,Adder,0.025,Classification,compute,6-23:59:00,10000,59CVR_UA0.025,CVR/TreeFarms/Raw/59CVR_UA0.025.pkl
CVR,60,0.2,0.8,TreeEnsembleQBCFunction,TreeFarmsFunction,0,100,0.01,Adder,0.025,Classification,compute,6-23:59:00,10000,60CVR_DA0.025,CVR/TreeFarms/Raw/60CVR_DA0.025.pkl
CVR,60,0.2,0.8,TreeEnsembleQBCFunction,TreeFarmsFunction,1,100,0.01,Adder,0.025,Classification,compute,6-23:59:00,10000,60CVR_UA0.025,CVR/TreeFarms/Raw/60CVR_UA0.025.pkl
CVR,61,0.2,0.8,TreeEnsembleQBCFunction,TreeFarmsFunction,0,100,0.01,Adder,0.025,Classification,compute,6-23:59:00,10000,61CVR_DA0.025,CVR/TreeFarms/Raw/61CVR_DA0.025.pkl
CVR,61,0.2,0.8,TreeEnsembleQBCFunction,TreeFarmsFunction,1,100,0.01,Adder,0.025,Classification,compute,6-23:59:00,10000,61CVR_UA0.025,CVR/TreeFarms/Raw/61CVR_UA0.025.pkl
CVR,62,0.2,0.8,TreeEnsembleQBCFunction,TreeFarmsFunction,0,100,0.01,Adder,0.025,Classification,compute,6-23:59:00,10000,62CVR_DA0.025,CVR/TreeFarms/Raw/62CVR_DA0.025.pkl
CVR,62,0.2,0.8,TreeEnsembleQBCFunction,TreeFarmsFunction,1,100,0.01,Adder,0.025,Classification,compute,6-23:59:00,10000,62CVR_UA0.025,CVR/TreeFarms/Raw/62CVR_UA0.025.pkl
CVR,63,0.2,0.8,TreeEnsembleQBCFunction,TreeFarmsFunction,0,100,0.01,Adder,0.025,Classification,compute,6-23:59:00,10000,63CVR_DA0.025,CVR/TreeFarms/Raw/63CVR_DA0.025.pkl
CVR,63,0.2,0.8,TreeEnsembleQBCFunction,TreeFarmsFunction,1,100,0.01,Adder,0.025,Classification,compute,6-23:59:00,10000,63CVR_UA0.025,CVR/TreeFarms/Raw/63CVR_UA0.025.pkl
CVR,64,0.2,0.8,TreeEnsembleQBCFunction,TreeFarmsFunction,0,100,0.01,Adder,0.025,Classification,compute,6-23:59:00,10000,64CVR_DA0.025,CVR/TreeFarms/Raw/64CVR_DA0.025.pkl
CVR,64,0.2,0.8,TreeEnsembleQBCFunction,TreeFarmsFunction,1,100,0.01,Adder,0.025,Classification,compute,6-23:59:00,10000,64CVR_UA0.025,CVR/TreeFarms/Raw/64CVR_UA0.025.pkl
CVR,65,0.2,0.8,TreeEnsembleQBCFunction,TreeFarmsFunction,0,100,0.01,Adder,0.025,Classification,compute,6-23:59:00,10000,65CVR_DA0.025,CVR/TreeFarms/Raw/65CVR_DA0.025.pkl
CVR,65,0.2,0.8,TreeEnsembleQBCFunction,TreeFarmsFunction,1,100,0.01,Adder,0.025,Classification,compute,6-23:59:00,10000,65CVR_UA0.025,CVR/TreeFarms/Raw/65CVR_UA0.025.pkl
CVR,66,0.2,0.8,TreeEnsembleQBCFunction,TreeFarmsFunction,0,100,0.01,Adder,0.025,Classification,compute,6-23:59:00,10000,66CVR_DA0.025,CVR/TreeFarms/Raw/66CVR_DA0.025.pkl
CVR,66,0.2,0.8,TreeEnsembleQBCFunction,TreeFarmsFunction,1,100,0.01,Adder,0.025,Classification,compute,6-23:59:00,10000,66CVR_UA0.025,CVR/TreeFarms/Raw/66CVR_UA0.025.pkl
CVR,67,0.2,0.8,TreeEnsembleQBCFunction,TreeFarmsFunction,0,100,0.01,Adder,0.025,Classification,compute,6-23:59:00,10000,67CVR_DA0.025,CVR/TreeFarms/Raw/67CVR_DA0.025.pkl
CVR,67,0.2,0.8,TreeEnsembleQBCFunction,TreeFarmsFunction,1,100,0.01,Adder,0.025,Classification,compute,6-23:59:00,10000,67CVR_UA0.025,CVR/TreeFarms/Raw/67CVR_UA0.025.pkl
CVR,68,0.2,0.8,TreeEnsembleQBCFunction,TreeFarmsFunction,0,100,0.01,Adder,0.025,Classification,compute,6-23:59:00,10000,68CVR_DA0.025,CVR/TreeFarms/Raw/68CVR_DA0.025.pkl
CVR,68,0.2,0.8,TreeEnsembleQBCFunction,TreeFarmsFunction,1,100,0.01,Adder,0.025,Classification,compute,6-23:59:00,10000,68CVR_UA0.025,CVR/TreeFarms/Raw/68CVR_UA0.025.pkl
CVR,69,0.2,0.8,TreeEnsembleQBCFunction,TreeFarmsFunction,0,100,0.01,Adder,0.025,Classification,compute,6-23:59:00,10000,69CVR_DA0.025,CVR/TreeFarms/Raw/69CVR_DA0.025.pkl
CVR,69,0.2,0.8,TreeEnsembleQBCFunction,TreeFarmsFunction,1,100,0.01,Adder,0.025,Classification,compute,6-23:59:00,10000,69CVR_UA0.025,CVR/TreeFarms/Raw/69CVR_UA0.025.pkl
CVR,70,0.2,0.8,TreeEnsembleQBCFunction,TreeFarmsFunction,0,100,0.01,Adder,0.025,Classification,compute,6-23:59:00,10000,70CVR_DA0.025,CVR/TreeFarms/Raw/70CVR_DA0.025.pkl
CVR,70,0.2,0.8,TreeEnsembleQBCFunction,TreeFarmsFunction,1,100,0.01,Adder,0.025,Classification,compute,6-23:59:00,10000,70CVR_UA0.025,CVR/TreeFarms/Raw/70CVR_UA0.025.pkl
CVR,71,0.2,0.8,TreeEnsembleQBCFunction,TreeFarmsFunction,0,100,0.01,Adder,0.025,Classification,compute,6-23:59:00,10000,71CVR_DA0.025,CVR/TreeFarms/Raw/71CVR_DA0.025.pkl
CVR,71,0.2,0.8,TreeEnsembleQBCFunction,TreeFarmsFunction,1,100,0.01,Adder,0.025,Classification,compute,6-23:59:00,10000,71CVR_UA0.025,CVR/TreeFarms/Raw/71CVR_UA0.025.pkl
CVR,72,0.2,0.8,TreeEnsembleQBCFunction,TreeFarmsFunction,0,100,0.01,Adder,0.025,Classification,compute,6-23:59:00,10000,72CVR_DA0.025,CVR/TreeFarms/Raw/72CVR_DA0.025.pkl
CVR,72,0.2,0.8,TreeEnsembleQBCFunction,TreeFarmsFunction,1,100,0.01,Adder,0.025,Classification,compute,6-23:59:00,10000,72CVR_UA0.025,CVR/TreeFarms/Raw/72CVR_UA0.025.pkl
CVR,73,0.2,0.8,TreeEnsembleQBCFunction,TreeFarmsFunction,0,100,0.01,Adder,0.025,Classification,compute,6-23:59:00,10000,73CVR_DA0.025,CVR/TreeFarms/Raw/73CVR_DA0.025.pkl
CVR,73,0.2,0.8,TreeEnsembleQBCFunction,TreeFarmsFunction,1,100,0.01,Adder,0.025,Classification,compute,6-23:59:00,10000,73CVR_UA0.025,CVR/TreeFarms/Raw/73CVR_UA0.025.pkl
CVR,74,0.2,0.8,TreeEnsembleQBCFunction,TreeFarmsFunction,0,100,0.01,Adder,0.025,Classification,compute,6-23:59:00,10000,74CVR_DA0.025,CVR/TreeFarms/Raw/74CVR_DA0.025.pkl
CVR,74,0.2,0.8,TreeEnsembleQBCFunction,TreeFarmsFunction,1,100,0.01,Adder,0.025,Classification,compute,6-23:59:00,10000,74CVR_UA0.025,CVR/TreeFarms/Raw/74CVR_UA0.025.pkl
CVR,75,0.2,0.8,TreeEnsembleQBCFunction,TreeFarmsFunction,0,100,0.01,Adder,0.025,Classification,compute,6-23:59:00,10000,75CVR_DA0.025,CVR/TreeFarms/Raw/75CVR_DA0.025.pkl
CVR,75,0.2,0.8,TreeEnsembleQBCFunction,TreeFarmsFunction,1,100,0.01,Adder,0.025,Classification,compute,6-23:59:00,10000,75CVR_UA0.025,CVR/TreeFarms/Raw/75CVR_UA0.025.pkl
CVR,76,0.2,0.8,TreeEnsembleQBCFunction,TreeFarmsFunction,0,100,0.01,Adder,0.025,Classification,compute,6-23:59:00,10000,76CVR_DA0.025,CVR/TreeFarms/Raw/76CVR_DA0.025.pkl
CVR,76,0.2,0.8,TreeEnsembleQBCFunction,TreeFarmsFunction,1,100,0.01,Adder,0.025,Classification,compute,6-23:59:00,10000,76CVR_UA0.025,CVR/TreeFarms/Raw/76CVR_UA0.025.pkl
CVR,77,0.2,0.8,TreeEnsembleQBCFunction,TreeFarmsFunction,0,100,0.01,Adder,0.025,Classification,compute,6-23:59:00,10000,77CVR_DA0.025,CVR/TreeFarms/Raw/77CVR_DA0.025.pkl
CVR,77,0.2,0.8,TreeEnsembleQBCFunction,TreeFarmsFunction,1,100,0.01,Adder,0.025,Classification,compute,6-23:59:00,10000,77CVR_UA0.025,CVR/TreeFarms/Raw/77CVR_UA0.025.pkl
CVR,78,0.2,0.8,TreeEnsembleQBCFunction,TreeFarmsFunction,0,100,0.01,Adder,0.025,Classification,compute,6-23:59:00,10000,78CVR_DA0.025,CVR/TreeFarms/Raw/78CVR_DA0.025.pkl
CVR,78,0.2,0.8,TreeEnsembleQBCFunction,TreeFarmsFunction,1,100,0.01,Adder,0.025,Classification,compute,6-23:59:00,10000,78CVR_UA0.025,CVR/TreeFarms/Raw/78CVR_UA0.025.pkl
CVR,79,0.2,0.8,TreeEnsembleQBCFunction,TreeFarmsFunction,0,100,0.01,Adder,0.025,Classification,compute,6-23:59:00,10000,79CVR_DA0.025,CVR/TreeFarms/Raw/79CVR_DA0.025.pkl
CVR,79,0.2,0.8,TreeEnsembleQBCFunction,TreeFarmsFunction,1,100,0.01,Adder,0.025,Classification,compute,6-23:59:00,10000,79CVR_UA0.025,CVR/TreeFarms/Raw/79CVR_UA0.025.pkl
CVR,80,0.2,0.8,TreeEnsembleQBCFunction,TreeFarmsFunction,0,100,0.01,Adder,0.025,Classification,compute,6-23:59:00,10000,80CVR_DA0.025,CVR/TreeFarms/Raw/80CVR_DA0.025.pkl
CVR,80,0.2,0.8,TreeEnsembleQBCFunction,TreeFarmsFunction,1,100,0.01,Adder,0.025,Classification,compute,6-23:59:00,10000,80CVR_UA0.025,CVR/TreeFarms/Raw/80CVR_UA0.025.pkl
CVR,81,0.2,0.8,TreeEnsembleQBCFunction,TreeFarmsFunction,0,100,0.01,Adder,0.025,Classification,compute,6-23:59:00,10000,81CVR_DA0.025,CVR/TreeFarms/Raw/81CVR_DA0.025.pkl
CVR,81,0.2,0.8,TreeEnsembleQBCFunction,TreeFarmsFunction,1,100,0.01,Adder,0.025,Classification,compute,6-23:59:00,10000,81CVR_UA0.025,CVR/TreeFarms/Raw/81CVR_UA0.025.pkl
CVR,82,0.2,0.8,TreeEnsembleQBCFunction,TreeFarmsFunction,0,100,0.01,Adder,0.025,Classification,compute,6-23:59:00,10000,82CVR_DA0.025,CVR/TreeFarms/Raw/82CVR_DA0.025.pkl
CVR,82,0.2,0.8,TreeEnsembleQBCFunction,TreeFarmsFunction,1,100,0.01,Adder,0.025,Classification,compute,6-23:59:00,10000,82CVR_UA0.025,CVR/TreeFarms/Raw/82CVR_UA0.025.pkl
CVR,83,0.2,0.8,TreeEnsembleQBCFunction,TreeFarmsFunction,0,100,0.01,Adder,0.025,Classification,compute,6-23:59:00,10000,83CVR_DA0.025,CVR/TreeFarms/Raw/83CVR_DA0.025.pkl
CVR,83,0.2,0.8,TreeEnsembleQBCFunction,TreeFarmsFunction,1,100,0.01,Adder,0.025,Classification,compute,6-23:59:00,10000,83CVR_UA0.025,CVR/TreeFarms/Raw/83CVR_UA0.025.pkl
CVR,84,0.2,0.8,TreeEnsembleQBCFunction,TreeFarmsFunction,0,100,0.01,Adder,0.025,Classification,compute,6-23:59:00,10000,84CVR_DA0.025,CVR/TreeFarms/Raw/84CVR_DA0.025.pkl
CVR,84,0.2,0.8,TreeEnsembleQBCFunction,TreeFarmsFunction,1,100,0.01,Adder,0.025,Classification,compute,6-23:59:00,10000,84CVR_UA0.025,CVR/TreeFarms/Raw/84CVR_UA0.025.pkl
CVR,85,0.2,0.8,TreeEnsembleQBCFunction,TreeFarmsFunction,0,100,0.01,Adder,0.025,Classification,compute,6-23:59:00,10000,85CVR_DA0.025,CVR/TreeFarms/Raw/85CVR_DA0.025.pkl
CVR,85,0.2,0.8,TreeEnsembleQBCFunction,TreeFarmsFunction,1,100,0.01,Adder,0.025,Classification,compute,6-23:59:00,10000,85CVR_UA0.025,CVR/TreeFarms/Raw/85CVR_UA0.025.pkl
CVR,86,0.2,0.8,TreeEnsembleQBCFunction,TreeFarmsFunction,0,100,0.01,Adder,0.025,Classification,compute,6-23:59:00,10000,86CVR_DA0.025,CVR/TreeFarms/Raw/86CVR_DA0.025.pkl
CVR,86,0.2,0.8,TreeEnsembleQBCFunction,TreeFarmsFunction,1,100,0.01,Adder,0.025,Classification,compute,6-23:59:00,10000,86CVR_UA0.025,CVR/TreeFarms/Raw/86CVR_UA0.025.pkl
CVR,87,0.2,0.8,TreeEnsembleQBCFunction,TreeFarmsFunction,0,100,0.01,Adder,0.025,Classification,compute,6-23:59:00,10000,87CVR_DA0.025,CVR/TreeFarms/Raw/87CVR_DA0.025.pkl
CVR,87,0.2,0.8,TreeEnsembleQBCFunction,TreeFarmsFunction,1,100,0.01,Adder,0.025,Classification,compute,6-23:59:00,10000,87CVR_UA0.025,CVR/TreeFarms/Raw/87CVR_UA0.025.pkl
CVR,88,0.2,0.8,TreeEnsembleQBCFunction,TreeFarmsFunction,0,100,0.01,Adder,0.025,Classification,compute,6-23:59:00,10000,88CVR_DA0.025,CVR/TreeFarms/Raw/88CVR_DA0.025.pkl
CVR,88,0.2,0.8,TreeEnsembleQBCFunction,TreeFarmsFunction,1,100,0.01,Adder,0.025,Classification,compute,6-23:59:00,10000,88CVR_UA0.025,CVR/TreeFarms/Raw/88CVR_UA0.025.pkl
CVR,89,0.2,0.8,TreeEnsembleQBCFunction,TreeFarmsFunction,0,100,0.01,Adder,0.025,Classification,compute,6-23:59:00,10000,89CVR_DA0.025,CVR/TreeFarms/Raw/89CVR_DA0.025.pkl
CVR,89,0.2,0.8,TreeEnsembleQBCFunction,TreeFarmsFunction,1,100,0.01,Adder,0.025,Classification,compute,6-23:59:00,10000,89CVR_UA0.025,CVR/TreeFarms/Raw/89CVR_UA0.025.pkl
CVR,90,0.2,0.8,TreeEnsembleQBCFunction,TreeFarmsFunction,0,100,0.01,Adder,0.025,Classification,compute,6-23:59:00,10000,90CVR_DA0.025,CVR/TreeFarms/Raw/90CVR_DA0.025.pkl
CVR,90,0.2,0.8,TreeEnsembleQBCFunction,TreeFarmsFunction,1,100,0.01,Adder,0.025,Classification,compute,6-23:59:00,10000,90CVR_UA0.025,CVR/TreeFarms/Raw/90CVR_UA0.025.pkl
CVR,91,0.2,0.8,TreeEnsembleQBCFunction,TreeFarmsFunction,0,100,0.01,Adder,0.025,Classification,compute,6-23:59:00,10000,91CVR_DA0.025,CVR/TreeFarms/Raw/91CVR_DA0.025.pkl
CVR,91,0.2,0.8,TreeEnsembleQBCFunction,TreeFarmsFunction,1,100,0.01,Adder,0.025,Classification,compute,6-23:59:00,10000,91CVR_UA0.025,CVR/TreeFarms/Raw/91CVR_UA0.025.pkl
CVR,92,0.2,0.8,TreeEnsembleQBCFunction,TreeFarmsFunction,0,100,0.01,Adder,0.025,Classification,compute,6-23:59:00,10000,92CVR_DA0.025,CVR/TreeFarms/Raw/92CVR_DA0.025.pkl
CVR,92,0.2,0.8,TreeEnsembleQBCFunction,TreeFarmsFunction,1,100,0.01,Adder,0.025,Classification,compute,6-23:59:00,10000,92CVR_UA0.025,CVR/TreeFarms/Raw/92CVR_UA0.025.pkl
CVR,93,0.2,0.8,TreeEnsembleQBCFunction,TreeFarmsFunction,0,100,0.01,Adder,0.025,Classification,compute,6-23:59:00,10000,93CVR_DA0.025,CVR/TreeFarms/Raw/93CVR_DA0.025.pkl
CVR,93,0.2,0.8,TreeEnsembleQBCFunction,TreeFarmsFunction,1,100,0.01,Adder,0.025,Classification,compute,6-23:59:00,10000,93CVR_UA0.025,CVR/TreeFarms/Raw/93CVR_UA0.025.pkl
CVR,94,0.2,0.8,TreeEnsembleQBCFunction,TreeFarmsFunction,0,100,0.01,Adder,0.025,Classification,compute,6-23:59:00,10000,94CVR_DA0.025,CVR/TreeFarms/Raw/94CVR_DA0.025.pkl
CVR,94,0.2,0.8,TreeEnsembleQBCFunction,TreeFarmsFunction,1,100,0.01,Adder,0.025,Classification,compute,6-23:59:00,10000,94CVR_UA0.025,CVR/TreeFarms/Raw/94CVR_UA0.025.pkl
CVR,95,0.2,0.8,TreeEnsembleQBCFunction,TreeFarmsFunction,0,100,0.01,Adder,0.025,Classification,compute,6-23:59:00,10000,95CVR_DA0.025,CVR/TreeFarms/Raw/95CVR_DA0.025.pkl
CVR,95,0.2,0.8,TreeEnsembleQBCFunction,TreeFarmsFunction,1,100,0.01,Adder,0.025,Classification,compute,6-23:59:00,10000,95CVR_UA0.025,CVR/TreeFarms/Raw/95CVR_UA0.025.pkl
CVR,96,0.2,0.8,TreeEnsembleQBCFunction,TreeFarmsFunction,0,100,0.01,Adder,0.025,Classification,compute,6-23:59:00,10000,96CVR_DA0.025,CVR/TreeFarms/Raw/96CVR_DA0.025.pkl
CVR,96,0.2,0.8,TreeEnsembleQBCFunction,TreeFarmsFunction,1,100,0.01,Adder,0.025,Classification,compute,6-23:59:00,10000,96CVR_UA0.025,CVR/TreeFarms/Raw/96CVR_UA0.025.pkl
CVR,97,0.2,0.8,TreeEnsembleQBCFunction,TreeFarmsFunction,0,100,0.01,Adder,0.025,Classification,compute,6-23:59:00,10000,97CVR_DA0.025,CVR/TreeFarms/Raw/97CVR_DA0.025.pkl
CVR,97,0.2,0.8,TreeEnsembleQBCFunction,TreeFarmsFunction,1,100,0.01,Adder,0.025,Classification,compute,6-23:59:00,10000,97CVR_UA0.025,CVR/TreeFarms/Raw/97CVR_UA0.025.pkl
CVR,98,0.2,0.8,TreeEnsembleQBCFunction,TreeFarmsFunction,0,100,0.01,Adder,0.025,Classification,compute,6-23:59:00,10000,98CVR_DA0.025,CVR/TreeFarms/Raw/98CVR_DA0.025.pkl
CVR,98,0.2,0.8,TreeEnsembleQBCFunction,TreeFarmsFunction,1,100,0.01,Adder,0.025,Classification,compute,6-23:59:00,10000,98CVR_UA0.025,CVR/TreeFarms/Raw/98CVR_UA0.025.pkl
CVR,99,0.2,0.8,TreeEnsembleQBCFunction,TreeFarmsFunction,0,100,0.01,Adder,0.025,Classification,compute,6-23:59:00,10000,99CVR_DA0.025,CVR/TreeFarms/Raw/99CVR_DA0.025.pkl
CVR,99,0.2,0.8,TreeEnsembleQBCFunction,TreeFarmsFunction,1,100,0.01,Adder,0.025,Classification,compute,6-23:59:00,10000,99CVR_UA0.025,CVR/TreeFarms/Raw/99CVR_UA0.025.pkl
